insert into place values(1, 1, 5460, 'Hound Street', 'Columbia', 'Delware', '21045');
insert into place values(3, 1, 6579, 'Maple Street', 'Columbia', 'Delware', '25555');
insert into place values(2, 4, 4444, 'Downing Hill', 'Columbia', 'Delware', '21045');
insert into place values(3, 5, 8079, 'Apple Street', 'Golden Springs', 'Delware', '25555');
insert into place values(2, 6, 4114, 'Downing Street', 'Lassovile', 'Delware', '21045');
insert into place values(2, 3, 7789, 'Russian Ave.', 'Baltimore', 'Maryland', '25888');
insert into place values(3, 2, 6454, 'Sesame Street', 'Baltimore', 'Maryland', '2499');
insert into place values(3, 0, 1221, 'Hilltop Circle', 'Baltimore', 'Maryland', '2113');
insert into place values(2, 5, 9954, 'Dover Street', 'Fredrick', 'Maryland', '2499');
insert into place values(5, 3, 6670, 'China Circle', 'Fredrick', 'Maryland', '2113');
insert into place values(5, 4, 4834, 'Lousey Street', 'Fredrick', 'Maryland', '2113');
insert into place values(1, 2, 7788, 'Main Street', 'Columbia', 'Delware', '66666');
insert into place values(2, 1, 9654, 'Ripken Street', 'Baltimore', 'Maryland', '45978');
insert into place values(2, 2, 2443, 'Inner Harbor', 'Baltimore', 'Maryland', '34602');
insert into place values(4, 4, 1993, 'Inner City', 'Fredick', 'Maryland', '34602');

insert into residence values(1, 1, 56784);
insert into residence values(3, 1, 65793);
insert into residence values(2, 4, 99861);
insert into residence values(2, 3, 10987);
insert into residence values(3, 2, 34108);
insert into residence values(3, 0, 76904);
insert into residence values(3, 5, 00800);
insert into residence values(2, 6, 22997);
insert into residence values(2, 5, 74111);
insert into residence values(5, 3, 12000);
insert into residence values(5, 4, 89783);

insert into voting_center values(1, 2, 'A476', 0);
insert into voting_center values(2, 1, 'B088', 0);
insert into voting_center values(2, 2, 'C245', 0);
insert into voting_center values(4, 4, 'D245', 0);

insert into voting_center_operating_peroid values(1, 2, '2023-10-15 01:00:00', '2023-10-18 12:59:59');
insert into voting_center_operating_peroid values(1, 2, '2023-10-20 01:00:00', '2023-10-24 12:59:59');
insert into voting_center_operating_peroid values(1, 2, '2023-10-26 01:00:00', '2023-10-30 12:59:59');
insert into voting_center_operating_peroid values(1, 2, '2023-11-02 01:00:00', '2023-11-08 12:59:59');
insert into voting_center_operating_peroid values(2, 1, '2023-10-15 01:00:00', '2023-10-18 12:59:59');
insert into voting_center_operating_peroid values(2, 1, '2023-10-20 01:00:00', '2023-10-24 12:59:59');
insert into voting_center_operating_peroid values(2, 1, '2023-10-26 01:00:00', '2023-10-30 12:59:59');
insert into voting_center_operating_peroid values(2, 1, '2023-11-02 01:00:00', '2023-11-08 12:59:59');
insert into voting_center_operating_peroid values(2, 2, '2023-10-15 01:00:00', '2023-10-18 12:59:59');
insert into voting_center_operating_peroid values(2, 2, '2023-10-20 01:00:00', '2023-10-24 12:59:59');
insert into voting_center_operating_peroid values(2, 2, '2023-10-26 01:00:00', '2023-10-30 12:59:59');
insert into voting_center_operating_peroid values(2, 2, '2023-11-02 01:00:00', '2023-11-08 12:59:59');
insert into voting_center_operating_peroid values(4, 4, '2023-10-26 01:00:00', '2023-10-30 12:59:59');
insert into voting_center_operating_peroid values(4, 4, '2023-11-02 01:00:00', '2023-11-08 12:59:59');

insert into folks values('2409699756416072', 'Shanice', 'Rose', 'i', '1970-12-14', 5287455635, 0006619233, 1, 1);
insert into folks values('4959689014304805', 'Tess', 'Mcclain', 'i', '1979-06-04', 5005233606, 2741669244, 1, 1);
insert into folks values('6650052336069205', 'Harley', 'Munoz', 'i', '1980-04-21', 8459541205, 7746619525, 3, 1);
insert into folks values('7480177713509264', 'Meghan', 'Ruiz', 'i', '1980-05-28', 5459041205, 0746612007, 2, 4);
insert into folks values('8459541205880432', 'Casper', 'Valentine', 'i', '1991-12-03', 49041205, 2429619221, 2, 4);
insert into folks values('1992819915136735', 'Lula', 'Bloggs', 'i', '1993-03-30', 4337455635, 4346089230, 2, 3);
insert into folks values('1525149326814639', 'Mary', 'Glover', 'i', '1993-01-09', 9287999635, 5546699447, 2, 3);
insert into folks values('8736131283858623', 'Tomos', 'Chaney', 'i', '1995-11-28', 0087455235, 2747599428, 3, 2);
insert into folks values('0252501238384682', 'Jazmine', 'Gentry', 'i', '1996-03-21', 6283665635, 9876619121, 3, 0);
insert into folks values('7977998543347340', 'Zachery', 'Everett', 'i', '1997-01-15', 2287455635, 3336619220, 3, 0);
insert into folks values('1238310352464547', 'Anjali', 'Ponce', 'i', '2001-12-18', 8280005635, 987654321, 3, 2);
insert into folks values('2674589867972948', 'Ayesha', 'Crosby', 'i', '2000-05-14', 9087455611, 3021449272, 3, 1);
insert into folks values('1236667352464547', 'Zack', 'Miller', 'i', '2001-12-18', 8282205635, 117654321, 3, 5);
insert into folks values('3216667352464997', 'Rustey', 'Miller', 'i', '2001-12-11', 2382205005, 243054344, 3, 5);
insert into folks values('2674589800002948', 'Bobby', 'Crosby', 'i', '2000-05-14', 3687455611, 7744449272, 2, 6);
insert into folks values('4331310352464547', 'Danny', 'Diaz', 'i', '2001-12-18', 1110005635, 099654321, 2, 5);
insert into folks values('9078458986797290', 'Curry', 'Smith', 'i', '2000-05-14', 7897455611, 4202144920, 5, 3);
insert into folks values('5389600756447011', 'Dale', 'Rose', 'i', '1970-12-14', 5287422635, 9706619263, 1, 1);

insert into folks_email values('2409699756416072', 'Shanice@gmail.com');
insert into folks_email values('2409699756416072', 'Shanice2@gmail.com');
insert into folks_email values('4959689014304805', 'Tess@gmail.com');
insert into folks_email values('4959689014304805', 'Tess2@gmail.com');
insert into folks_email values('6650052336069205', 'Harley@gmail.com');
insert into folks_email values('7480177713509264', 'Meghan@gmail.com');
insert into folks_email values('8459541205880432', 'Casper@gmail.com');
insert into folks_email values('1992819915136735', 'Lula@gmail.com');
insert into folks_email values('1525149326814639', 'Mary@gmail.com');
insert into folks_email values('8736131283858623', 'Tomos@gmail.com');
insert into folks_email values('0252501238384682', 'Jazmine@gmail.com');
insert into folks_email values('7977998543347340', 'Zachery@gmail.com');
insert into folks_email values('1238310352464547', 'Anjali@gmail.com');
insert into folks_email values('1238310352464547', 'Anjali2@gmail.com');
insert into folks_email values('2674589867972948', 'Ayesha@gmail.com');
insert into folks_email values('1236667352464547', 'Zack@gmail.com');
insert into folks_email values('2674589800002948', 'Bobby@gmail.com');
insert into folks_email values('4331310352464547', 'Danny@gmail.com');
insert into folks_email values('9078458986797290', 'Curry@gmail.com');
insert into folks_email values('5389600756447011', 'Dale@gmail.com');

insert into staff values('1525149326814639', 'Clerk', 1, 2, '2023-11-01');
insert into staff values('8736131283858623', 'Monitors', 1, 2, '2023-11-01');
insert into staff values('0252501238384682', 'Clerk', 2, 1, '2023-11-01');
insert into staff values('7977998543347340', 'Monitors', 2, 1, '2023-11-01');
insert into staff values('1238310352464547', 'Clerk', 2, 2, '2023-11-01');
insert into staff values('2674589867972948', 'Monitors',2, 2, '2023-11-01');

insert into ballot values('A983', 'Should this country provide universal healthcare?', '2023-10-15 01:00:00', '2023-11-08 12:59:59', 'yes');
insert into ballot values('B983', 'Should this country provide universal healthcare?', '2023-10-15 01:00:00', '2023-11-08 12:59:59', 'no');
insert into ballot values('C983', 'Should this country provide universal healthcare?', '2023-10-15 01:00:00', '2023-11-08 12:59:59', 'abstain');
insert into ballot values('A211', 'Should this country provide socialized public housing?', '2023-10-15 01:00:00', '2023-11-08 12:59:59', 'yes');
insert into ballot values('B211', 'Should this country provide socialized public housing?', '2023-10-15 01:00:00', '2023-11-08 12:59:59', 'no');
insert into ballot values('C211', 'Should this country provide socialized public housing?', '2023-10-15 01:00:00', '2023-11-08 12:59:59', 'abstain');
insert into ballot values('A563', 'Should this country provide paid family leave?', '2023-10-15 01:00:00', '2023-11-08 12:59:59', 'yes');
insert into ballot values('B563', 'Should this country provide paid family leave?', '2023-10-15 01:00:00', '2023-11-08 12:59:59', 'no');
insert into ballot values('C563', 'Should this country provide paid family leave?', '2023-10-15 01:00:00', '2023-11-08 12:59:59', 'abstain');
insert into ballot values('A844', 'Should this country raise the property taxes?', '2023-10-15 01:00:00', '2023-11-08 12:59:59', 'yes');
insert into ballot values('B844', 'Should this country raise the property taxes?', '2023-10-15 01:00:00', '2023-11-08 12:59:59', 'no');
insert into ballot values('C844', 'Should this country raise the property taxes?', '2023-10-15 01:00:00', '2023-11-08 12:59:59', 'abstain');

insert into register values('2409699756416072', 1, 2, 'A983', '2023-10-15 01:45:33');
insert into register values('4959689014304805', 1, 2, 'A983', '2023-10-15 01:45:33');
insert into register values('6650052336069205', 1, 2, 'A211', '2023-11-04 03:05:33');
insert into register values('7480177713509264', 1, 2, 'A211', '2023-11-04 03:05:33');
insert into register values('8459541205880432', 1, 2, 'A983', '2023-11-04 03:05:33');
insert into register values('1992819915136735', 1, 2, 'B983', '2023-10-15 01:45:33');
insert into register values('1525149326814639', 1, 2, 'A563', '2023-10-15 01:45:33');
insert into register values('8736131283858623', 2, 1, 'A563', '2023-10-15 01:45:33');
insert into register values('0252501238384682', 2, 1, 'C563', '2023-11-06 11:00:13');
insert into register values('7977998543347340', 2, 1, 'C563', '2023-11-06 11:00:13');
insert into register values('1238310352464547', 2, 1, 'A844', '2023-10-23 08:09:13');
insert into register values('2674589867972948', 2, 1, 'A844', '2023-10-23 08:09:13');
insert into register values('2409699756416072', 2, 1, 'C844', '2023-10-23 08:09:13');
insert into register values('4959689014304805', 2, 1, 'C844', '2023-11-03 07:39:13');
insert into register values('6650052336069205', 2, 1, 'A983', '2023-11-03 07:39:13');
insert into register values('7480177713509264', 2, 2, 'A983', '2023-11-03 07:39:13');
insert into register values('8459541205880432', 2, 2, 'C983', '2023-10-16 05:22:00');
insert into register values('1992819915136735', 2, 2, 'A211', '2023-10-16 05:22:00');
insert into register values('1525149326814639', 2, 2, 'B211', '2023-10-16 05:22:00');
insert into register values('8736131283858623', 2, 2, 'A563', '2023-10-16 05:22:00');
insert into register values('0252501238384682', 2, 2, 'A563', '2023-11-07 07:22:00');
insert into register values('7977998543347340', 2, 2, 'C563', '2023-11-07 07:22:00');
insert into register values('1238310352464547', 2, 2, 'B844', '2023-11-07 07:22:00');
insert into register values('2674589867972948', 2, 2, 'B844', '2023-11-07 07:22:00');
insert into register values('4331310352464547', 4, 4, 'A211', '2023-11-07 07:22:00');
insert into register values('9078458986797290', 4, 4, 'A983', '2023-11-07 07:22:00');
insert into register values('2674589800002948', 4, 4, 'A211', '2023-11-07 07:22:00');
insert into register values('2674589800002948', 2, 2, 'B844', '2023-11-07 07:22:00');
insert into register values('2674589800002948', 2, 1, 'C563', '2023-11-07 07:22:00');
insert into register values('5389600756447011', 4, 4, 'A211', '2023-11-07 07:22:00');

insert into casts values('2409699756416072', 1, 2, 'A983', '2023-10-15 01:45:33');
insert into casts values('6650052336069205', 1, 2, 'A211', '2023-11-04 03:05:33');
insert into casts values('8459541205880432', 1, 2, 'A983', '2023-11-04 03:05:33');
insert into casts values('1992819915136735', 1, 2, 'B983', '2023-10-15 01:45:33');
insert into casts values('1525149326814639', 1, 2, 'A563', '2023-10-15 01:45:33');
insert into casts values('8736131283858623', 2, 1, 'A563', '2023-10-15 01:45:33');
insert into casts values('7977998543347340', 2, 1, 'C563', '2023-11-06 11:00:13');
insert into casts values('2674589867972948', 2, 1, 'A844', '2023-10-23 08:09:13');
insert into casts values('4959689014304805', 2, 1, 'C844', '2023-11-03 07:39:13');
insert into casts values('6650052336069205', 2, 1, 'A983', '2023-11-03 07:39:13');
insert into casts values('7480177713509264', 2, 2, 'A983', '2023-11-03 07:39:13');
insert into casts values('8459541205880432', 2, 2, 'C983', '2023-10-16 05:22:00');
insert into casts values('1992819915136735', 2, 2, 'A211', '2023-10-16 05:22:00');
insert into casts values('1525149326814639', 2, 2, 'B211', '2023-10-16 05:22:00');
insert into casts values('8736131283858623', 2, 2, 'A563', '2023-10-16 05:22:00');
insert into casts values('0252501238384682', 2, 2, 'A563', '2023-11-07 07:22:00');
insert into casts values('7977998543347340', 2, 2, 'C563', '2023-11-07 07:22:00');
insert into casts values('2674589867972948', 2, 2, 'B844', '2023-11-07 07:22:00');
insert into casts values('9078458986797290', 4, 4, 'A211', '2023-11-07 07:22:00');
insert into casts values('2674589800002948', 4, 4, 'A211', '2023-11-07 07:22:00');
insert into casts values('2674589800002948', 2, 1, 'A211', '2023-11-07 07:22:00');


select * from place;
select * from residence;
select * from voting_center;
select * from folks;
select * from folks_email;
select * from staff;
select * from voting_center_operating_peroid;
select * from ballot;
select * from register;
select * from casts;

